{"bbr": {"1": {"1": {"delay": 21.535, "loss": 0.0006205158536745081, "tput": 11.6165821500557}, "all": {"delay": 21.535, "loss": 0.0006205158536745081, "tput": 11.6165821500557}}}, "cubic": {"1": {"1": {"delay": 1670.878, "loss": 0.0467469434674479, "tput": 11.997294224135738}, "all": {"delay": 1670.878, "loss": 0.0467469434674479, "tput": 11.997294224135738}}}}